{"initial_reset_timestamp": 1613663991.1130998, "timestamps": [1613663993.0139723, 1613663994.6513572, 1613663995.1634297, 1613663996.3653762, 1613663997.3661563, 1613663997.837956, 1613663999.0080929, 1613664000.0231185, 1613664001.0069492, 1613664002.1878266, 1613664003.2045817, 1613664003.6777031, 1613664004.8687944, 1613664005.9199913, 1613664006.4099314, 1613664007.5742922, 1613664008.616553, 1613664009.1109564, 1613664010.2735012, 1613664011.3598783, 1613664011.8273451, 1613664012.989493, 1613664014.0558243, 1613664014.5513937, 1613664015.7112217, 1613664016.6936157, 1613664017.1598995, 1613664018.9335332, 1613664019.9965668, 1613664020.4917789, 1613664021.6910753, 1613664022.7196548, 1613664023.2133522, 1613664024.3944013, 1613664025.4322288, 1613664025.9004698, 1613664027.1136632, 1613664028.1654441, 1613664028.6346757, 1613664029.775499, 1613664030.7665832, 1613664031.2372787, 1613664032.3782015, 1613664033.3672085, 1613664033.8346977, 1613664034.9823632, 1613664035.988356, 1613664036.489093, 1613664037.6589606, 1613664038.6935077, 1613664039.1810982, 1613664040.3886173, 1613664041.445195, 1613664041.9371488, 1613664043.1219087, 1613664044.1579726, 1613664044.6536129, 1613664045.84638, 1613664046.858671, 1613664047.32418, 1613664048.4553008, 1613664049.5019794, 1613664049.9806862, 1613664051.1901228, 1613664052.8006895, 1613664053.2770402, 1613664054.4131496, 1613664055.446287, 1613664055.978343, 1613664057.1357763, 1613664058.1204195, 1613664058.5852036, 1613664059.7513971, 1613664060.8040657, 1613664061.3167574, 1613664062.469226, 1613664063.4663236, 1613664063.9393158, 1613664065.147279, 1613664066.178986, 1613664066.653712, 1613664067.855087, 1613664068.9036765, 1613664069.3880596, 1613664070.5751572, 1613664071.6042907, 1613664072.1068113, 1613664073.303141, 1613664074.3353016, 1613664074.827804, 1613664076.0481222, 1613664077.0805638, 1613664077.5575836, 1613664078.7178543, 1613664079.7248611, 1613664080.199476, 1613664081.3593254, 1613664082.370912, 1613664082.844527, 1613664084.025666], "episode_lengths": [403, 353, 167, 403, 353, 167, 403, 353, 167, 403, 353, 167, 403, 353, 167, 403, 353, 167, 403, 353, 167, 403, 353, 167, 403, 353, 167, 403, 353, 167, 403, 353, 167, 403, 353, 167, 403, 353, 167, 403, 353, 167, 403, 353, 167, 403, 353, 167, 403, 353, 167, 403, 353, 167, 403, 353, 167, 403, 353, 167, 403, 353, 167, 403, 353, 167, 403, 353, 167, 403, 353, 167, 403, 353, 167, 403, 353, 167, 403, 353, 167, 403, 353, 167, 403, 353, 167, 403, 353, 167, 403, 353, 167, 403, 353, 167, 403, 353, 167, 403], "episode_rewards": [82.0, 19.0, 13.0, 82.0, 19.0, 13.0, 82.0, 19.0, 13.0, 82.0, 19.0, 13.0, 82.0, 19.0, 13.0, 82.0, 19.0, 13.0, 82.0, 19.0, 13.0, 82.0, 19.0, 13.0, 82.0, 19.0, 13.0, 82.0, 19.0, 13.0, 82.0, 19.0, 13.0, 82.0, 19.0, 13.0, 82.0, 19.0, 13.0, 82.0, 19.0, 13.0, 82.0, 19.0, 13.0, 82.0, 19.0, 13.0, 82.0, 19.0, 13.0, 82.0, 19.0, 13.0, 82.0, 19.0, 13.0, 82.0, 19.0, 13.0, 82.0, 19.0, 13.0, 82.0, 19.0, 13.0, 82.0, 19.0, 13.0, 82.0, 19.0, 13.0, 82.0, 19.0, 13.0, 82.0, 19.0, 13.0, 82.0, 19.0, 13.0, 82.0, 19.0, 13.0, 82.0, 19.0, 13.0, 82.0, 19.0, 13.0, 82.0, 19.0, 13.0, 82.0, 19.0, 13.0, 82.0, 19.0, 13.0, 82.0], "episode_types": ["t", "t", "t", "t", "t", "t", "t", "t", "t", "t", "t", "t", "t", "t", "t", "t", "t", "t", "t", "t", "t", "t", "t", "t", "t", "t", "t", "t", "t", "t", "t", "t", "t", "t", "t", "t", "t", "t", "t", "t", "t", "t", "t", "t", "t", "t", "t", "t", "t", "t", "t", "t", "t", "t", "t", "t", "t", "t", "t", "t", "t", "t", "t", "t", "t", "t", "t", "t", "t", "t", "t", "t", "t", "t", "t", "t", "t", "t", "t", "t", "t", "t", "t", "t", "t", "t", "t", "t", "t", "t", "t", "t", "t", "t", "t", "t", "t", "t", "t", "t"]}