{"initial_reset_timestamp": 1613404001.4815445, "timestamps": [1613404002.117932, 1613404002.5221481, 1613404002.5542738, 1613404002.556933, 1613404002.5596666, 1613404002.5621295, 1613404002.56538, 1613404002.5678663, 1613404003.0503922, 1613404003.0807562], "episode_lengths": [91, 88, 183, 91, 90, 86, 115, 87, 113, 116], "episode_rewards": [-91.0, -88.0, -183.0, -91.0, -90.0, -86.0, -115.0, -87.0, -113.0, -116.0], "episode_types": ["t", "t", "t", "t", "t", "t", "t", "t", "t", "t"]}